Geo Point;Geo Shape;gml_id;GID;NOM_SITE_A;ESP_VISEE;ESP_DETAIL;TERRIT_P
44.82496498108209, -0.5826971070140672;"{""coordinates"": [-0.582697107014067, 44.82496498108209], ""type"": ""Point""}";_4ac15377-1d13-11eb-8cbe-11636db21fc6.79891;79891;Jardin des Dames de la foi 28;OISEAU;MESANGE CHARBONIERE;PT_BORDEAUX
44.82485279489022, -0.5818885174108315;"{""coordinates"": [-0.581888517410831, 44.82485279489022], ""type"": ""Point""}";_4ac15377-1d13-11eb-8cbe-11636db21fc6.79893;79893;Jardin des Dames de la foi 71;OISEAU;GRIMPEREAU DES JARDINS;PT_BORDEAUX
44.824891136246066, -0.5824360699076871;"{""coordinates"": [-0.582436069907687, 44.824891136246066], ""type"": ""Point""}";_4ac15377-1d13-11eb-8cbe-11636db21fc6.79898;79898;Jardin des Dames de la foi 122;OISEAU;GOBEMOUCHE GRIS;PT_BORDEAUX
44.85437462387557, -0.5992931749468693;"{""coordinates"": [-0.599293174946869, 44.85437462387557], ""type"": ""Point""}";_4ac15377-1d13-11eb-8cbe-11636db21fc6.79908;79908;Parc Bordelais S Lisière;OISEAU;MESANGE CHARBONIERE;PT_BORDEAUX
44.88620214688763, -0.5389649262306322;"{""coordinates"": [-0.538964926230632, 44.88620214688763], ""type"": ""Point""}";_4ac15377-1d13-11eb-8cbe-11636db21fc6.79913;79913;Parc des Berges de Garonne D 76;OISEAU;CHOUETTE HULOTTE;PT_BORDEAUX
44.84970556350323, -0.5793624952694811;"{""coordinates"": [-0.579362495269481, 44.84970556350323], ""type"": ""Point""}";_4ac15377-1d13-11eb-8cbe-11636db21fc6.79915;79915;Jardin Public JB A 8 Jardin Botanique;OISEAU;MESANGE CHARBONIERE;PT_BORDEAUX
44.85011631934097, -0.5807548938900732;"{""coordinates"": [-0.580754893890073, 44.85011631934097], ""type"": ""Point""}";_4ac15377-1d13-11eb-8cbe-11636db21fc6.79920;79920;Jardin Public U 1 Espaces Centraux;OISEAU;MESANGE CHARBONIERE;PT_BORDEAUX
44.84869748818537, -0.578055339140325;"{""coordinates"": [-0.578055339140325, 44.84869748818537], ""type"": ""Point""}";_4ac15377-1d13-11eb-8cbe-11636db21fc6.79921;79921;Jardin Public G 16 Espaces Centraux;OISEAU;MESANGE CHARBONIERE;PT_BORDEAUX
44.854524018887595, -0.6040382342703873;"{""coordinates"": [-0.604038234270387, 44.854524018887595], ""type"": ""Point""}";_4ac15377-1d13-11eb-8cbe-11636db21fc6.79923;79923;Parc Bordelais Abris Uu Lac;OISEAU;ROUGEQUEUE NOIR;PT_BORDEAUX
44.854020094577976, -0.6305164392434941;"{""coordinates"": [-0.630516439243494, 44.854020094577976], ""type"": ""Point""}";_4ac15377-1d13-11eb-8cbe-11636db21fc6.79924;79924;Parc Monséjour 11;OISEAU;MESANGE CHARBONIERE;PT_BORDEAUX
44.84773397455367, -0.56429699156094;"{""coordinates"": [-0.56429699156094, 44.84773397455367], ""type"": ""Point""}";_4ac15377-1d13-11eb-8cbe-11636db21fc6.79928;79928;Parc des Berges de Queyries Quai de Queyries_B 112;OISEAU;MOINEAU DOMESTIQUE;PT_BORDEAUX
44.84812735314189, -0.5794281579325548;"{""coordinates"": [-0.579428157932555, 44.84812735314189], ""type"": ""Point""}";_4ac15377-1d13-11eb-8cbe-11636db21fc6.79930;79930;Jardin Public F 6 Aire de jeux-Entrée;OISEAU;MESANGE CHARBONIERE;PT_BORDEAUX
44.85431464806744, -0.6005003906828041;"{""coordinates"": [-0.600500390682804, 44.85431464806744], ""type"": ""Point""}";_4ac15377-1d13-11eb-8cbe-11636db21fc6.79932;79932;Parc Bordelais L 16 Chênaie;OISEAU;GOBEMOUCHE GRIS;PT_BORDEAUX
44.877460414808546, -0.5738700897295438;"{""coordinates"": [-0.573870089729544, 44.877460414808546], ""type"": ""Point""}";_4ac15377-1d13-11eb-8cbe-11636db21fc6.79933;79933;Parc Denis et Eugène Bühler A 92;OISEAU;CHOUETTE HULOTTE;PT_BORDEAUX
44.84908891130452, -0.5761656362560668;"{""coordinates"": [-0.576165636256067, 44.84908891130452], ""type"": ""Point""}";_4ac15377-1d13-11eb-8cbe-11636db21fc6.79984;79984;Jardin Public O12 Espaces Centraux;OISEAU;MESANGE CHARBONIERE;PT_BORDEAUX
44.85357336830592, -0.5990873344310302;"{""coordinates"": [-0.59908733443103, 44.85357336830592], ""type"": ""Point""}";_4ac15377-1d13-11eb-8cbe-11636db21fc6.79987;79987;Parc Bordelais H 24 Lisière;OISEAU;GRIMPEREAU DES JARDINS;PT_BORDEAUX
44.85025338756352, -0.6013862383611732;"{""coordinates"": [-0.601386238361173, 44.85025338756352], ""type"": ""Point""}";_4ac15377-1d13-11eb-8cbe-11636db21fc6.79988;79988;Parc Bordelais G 21 Espaces centraux;OISEAU;MESANGE CHARBONIERE;PT_BORDEAUX
44.85062039296851, -0.6013744869802635;"{""coordinates"": [-0.601374486980264, 44.85062039296851], ""type"": ""Point""}";_4ac15377-1d13-11eb-8cbe-11636db21fc6.79990;79990;Parc Bordelais G 3 Espaces centraux;OISEAU;SITELLE TORCHEPOT;PT_BORDEAUX
44.85138361432764, -0.601082566778306;"{""coordinates"": [-0.601082566778306, 44.85138361432764], ""type"": ""Point""}";_4ac15377-1d13-11eb-8cbe-11636db21fc6.79991;79991;Parc Bordelais F 89 Espaces centraux;OISEAU;ROUGEGORGE FAMILIER;PT_BORDEAUX
44.851499123708486, -0.6025678989717217;"{""coordinates"": [-0.602567898971722, 44.851499123708486], ""type"": ""Point""}";_4ac15377-1d13-11eb-8cbe-11636db21fc6.79994;79994;Parc Bordelais Cc 48 Espaces centraux;OISEAU;GRIMPEREAU DES JARDINS;PT_BORDEAUX
44.854542409974805, -0.6009378727201115;"{""coordinates"": [-0.600937872720111, 44.854542409974805], ""type"": ""Point""}";_4ac15377-1d13-11eb-8cbe-11636db21fc6.79996;79996;Parc Bordelais N 7 Chênaie;OISEAU;GOBEMOUCHE GRIS;PT_BORDEAUX
44.85148851648768, -0.603955941005387;"{""coordinates"": [-0.603955941005387, 44.85148851648768], ""type"": ""Point""}";_4ac15377-1d13-11eb-8cbe-11636db21fc6.79999;79999;Parc Bordelais Ee 50 Espaces centraux;OISEAU;MESANGE CHARBONIERE;PT_BORDEAUX
44.849455382741574, -0.5802913651476924;"{""coordinates"": [-0.580291365147692, 44.849455382741574], ""type"": ""Point""}";_4ac15377-1d13-11eb-8cbe-11636db21fc6.80001;80001;Jardin Public JB L 10 Jardin Botanique;OISEAU;ROUGEGORGE FAMILIER;PT_BORDEAUX
44.8546844587685, -0.6021682378071974;"{""coordinates"": [-0.602168237807197, 44.8546844587685], ""type"": ""Point""}";_4ac15377-1d13-11eb-8cbe-11636db21fc6.80003;80003;Parc Bordelais Qr 50 Espaces centraux;OISEAU;ROUGEQUEUE A FRONT BLANC;PT_BORDEAUX
44.85426481716422, -0.6028071239454721;"{""coordinates"": [-0.602807123945472, 44.85426481716422], ""type"": ""Point""}";_4ac15377-1d13-11eb-8cbe-11636db21fc6.80004;80004;Parc Bordelais Qr 44 Espaces centraux;OISEAU;MESANGE CHARBONIERE;PT_BORDEAUX
44.85042269722834, -0.6016381904128913;"{""coordinates"": [-0.601638190412891, 44.85042269722834], ""type"": ""Point""}";_4ac15377-1d13-11eb-8cbe-11636db21fc6.80007;80007;Parc Bordelais G 36 Espaces centraux;OISEAU;ROUGEGORGE FAMILIER;PT_BORDEAUX
44.85195380044732, -0.6028287186437341;"{""coordinates"": [-0.602828718643734, 44.85195380044732], ""type"": ""Point""}";_4ac15377-1d13-11eb-8cbe-11636db21fc6.80008;80008;Parc Bordelais Cc 40 Espaces centraux;OISEAU;ROUGEQUEUE A FRONT BLANC;PT_BORDEAUX
44.85129561025599, -0.6011706493958795;"{""coordinates"": [-0.601170649395879, 44.85129561025599], ""type"": ""Point""}";_4ac15377-1d13-11eb-8cbe-11636db21fc6.80010;80010;Parc Bordelais F 68 Espaces centraux;OISEAU;MESANGE CHARBONIERE;PT_BORDEAUX
44.85192224342198, -0.6030117632955405;"{""coordinates"": [-0.603011763295541, 44.85192224342198], ""type"": ""Point""}";_4ac15377-1d13-11eb-8cbe-11636db21fc6.80015;80015;Parc Bordelais Cc 30 Espaces centraux;OISEAU;SITELLE TORCHEPOT;PT_BORDEAUX
44.84922483635055, -0.57757625540709;"{""coordinates"": [-0.57757625540709, 44.84922483635055], ""type"": ""Point""}";_4ac15377-1d13-11eb-8cbe-11636db21fc6.80020;80020;Jardin Public M 10 Aire de jeux-Ile aux enfants;OISEAU;MESANGE CHARBONIERE;PT_BORDEAUX
44.88838774398652, -0.5403845572969557;"{""coordinates"": [-0.540384557296956, 44.88838774398652], ""type"": ""Point""}";_4ac15377-1d13-11eb-8cbe-11636db21fc6.80021;80021;Parc des Berges de Garonne E 75;OISEAU;MESANGE BLEUE;PT_BORDEAUX
44.90296309191505, -0.5617190594207219;"{""coordinates"": [-0.561719059420722, 44.90296309191505], ""type"": ""Point""}";_4ac15377-1d13-11eb-8cbe-11636db21fc6.80025;80025;Parc Floral J 213;OISEAU;MESANGE BLEUE;PT_BORDEAUX
44.85502234040775, -0.5869487128570092;"{""coordinates"": [-0.586948712857009, 44.85502234040775], ""type"": ""Point""}";_4ac15377-1d13-11eb-8cbe-11636db21fc6.80026;80026;Parc Rivière Ruines Espaces centraux;OISEAU;MARTINET NOIR;PT_BORDEAUX
44.85158271455911, -0.6009652111461246;"{""coordinates"": [-0.600965211146125, 44.85158271455911], ""type"": ""Point""}";_4ac15377-1d13-11eb-8cbe-11636db21fc6.80031;80031;Parc Bordelais F 53 Espaces centraux;OISEAU;MESANGE BLEUE;PT_BORDEAUX
44.85444128568523, -0.6041105633664147;"{""coordinates"": [-0.604110563366415, 44.85444128568523], ""type"": ""Point""}";_4ac15377-1d13-11eb-8cbe-11636db21fc6.80032;80032;Parc Bordelais Abris Uu Lac;OISEAU;MOINEAU DOMESTIQUE;PT_BORDEAUX
44.855204365696046, -0.6016202114903123;"{""coordinates"": [-0.601620211490312, 44.855204365696046], ""type"": ""Point""}";_4ac15377-1d13-11eb-8cbe-11636db21fc6.80033;80033;Parc Bordelais Abris O Chênaie;OISEAU;ROUGEQUEUE NOIR;PT_BORDEAUX
44.84776632397309, -0.5778174352081112;"{""coordinates"": [-0.577817435208111, 44.84776632397309], ""type"": ""Point""}";_4ac15377-1d13-11eb-8cbe-11636db21fc6.80039;80039;Jardin Public H 12 Espaces Centraux;OISEAU;MESANGE CHARBONIERE;PT_BORDEAUX
44.84943364515927, -0.576679000308578;"{""coordinates"": [-0.576679000308578, 44.84943364515927], ""type"": ""Point""}";_4ac15377-1d13-11eb-8cbe-11636db21fc6.80041;80041;Jardin Public O 20 Espaces Centraux;OISEAU;SITELLE TORCHEPOT;PT_BORDEAUX
44.84926256982205, -0.5783388899031706;"{""coordinates"": [-0.578338889903171, 44.84926256982205], ""type"": ""Point""}";_4ac15377-1d13-11eb-8cbe-11636db21fc6.80045;80045;Jardin Public C 14 Espaces Centraux;OISEAU;ROUGEQUEUE A FRONT BLANC;PT_BORDEAUX
44.84778404265502, -0.5769957105953939;"{""coordinates"": [-0.576995710595394, 44.84778404265502], ""type"": ""Point""}";_4ac15377-1d13-11eb-8cbe-11636db21fc6.80047;80047;Jardin Public J 1 Espaces Centraux;OISEAU;MESANGE CHARBONIERE;PT_BORDEAUX
44.85286611600725, -0.6029009823624192;"{""coordinates"": [-0.602900982362419, 44.85286611600725], ""type"": ""Point""}";_4ac15377-1d13-11eb-8cbe-11636db21fc6.80048;80048;Parc Bordelais Abris Cc Espaces centraux;OISEAU;MESANGE BLEUE;PT_BORDEAUX
44.84724337597214, -0.5646256183127872;"{""coordinates"": [-0.564625618312787, 44.84724337597214], ""type"": ""Point""}";_4ac15377-1d13-11eb-8cbe-11636db21fc6.80051;80051;Parc des Berges de Queyries Quai de Queyries_B 117;OISEAU;ROUGEGORGE FAMILIER;PT_BORDEAUX
44.84678921774554, -0.5648606400339379;"{""coordinates"": [-0.564860640033938, 44.84678921774554], ""type"": ""Point""}";_4ac15377-1d13-11eb-8cbe-11636db21fc6.80052;80052;Parc des Berges de Queyries Quai de Queyries_B 123;OISEAU;ROUGEGORGE FAMILIER;PT_BORDEAUX
44.846196805841096, -0.5649799786218507;"{""coordinates"": [-0.564979978621851, 44.846196805841096], ""type"": ""Point""}";_4ac15377-1d13-11eb-8cbe-11636db21fc6.80055;80055;Parc des Berges de Queyries Quai de Queyries_B 131;OISEAU;SITELLE TORCHEPOT;PT_BORDEAUX
44.853367775519956, -0.5995012684580048;"{""coordinates"": [-0.599501268458005, 44.853367775519956], ""type"": ""Point""}";_4ac15377-1d13-11eb-8cbe-11636db21fc6.80056;80056;Parc Bordelais Abris H Lisière;OISEAU;MESANGE CHARBONIERE;PT_BORDEAUX
44.853235068773984, -0.6053741903519265;"{""coordinates"": [-0.605374190351927, 44.853235068773984], ""type"": ""Point""}";_4ac15377-1d13-11eb-8cbe-11636db21fc6.80060;80060;Parc Bordelais Local Aa Prévention routière;OISEAU;TROGLODYTE MIGNON;PT_BORDEAUX
44.8756623460351, -0.5729994877474872;"{""coordinates"": [-0.572999487747487, 44.8756623460351], ""type"": ""Point""}";_4ac15377-1d13-11eb-8cbe-11636db21fc6.79937;79937;Parc Denis et Eugène Bühler A 235;OISEAU;GRIMPEREAU DES JARDINS;PT_BORDEAUX
44.850951423847924, -0.6037005955076891;"{""coordinates"": [-0.603700595507689, 44.850951423847924], ""type"": ""Point""}";_4ac15377-1d13-11eb-8cbe-11636db21fc6.79938;79938;Parc Bordelais Jj 65 Lisière;OISEAU;MESANGE CHARBONIERE;PT_BORDEAUX
44.85080982160368, -0.6007541652675605;"{""coordinates"": [-0.600754165267561, 44.85080982160368], ""type"": ""Point""}";_4ac15377-1d13-11eb-8cbe-11636db21fc6.79940;79940;Parc Bordelais E 48 Lisière;OISEAU;ROUGEGORGE FAMILIER;PT_BORDEAUX
44.82637719802458, -0.5977932768642812;"{""coordinates"": [-0.597793276864281, 44.82637719802458], ""type"": ""Point""}";_4ac15377-1d13-11eb-8cbe-11636db21fc6.79941;79941;Jardin de la Béchade A 58;OISEAU;ROUGEQUEUE A FRONT BLANC;PT_BORDEAUX
44.8755383552407, -0.5723489776390355;"{""coordinates"": [-0.572348977639035, 44.8755383552407], ""type"": ""Point""}";_4ac15377-1d13-11eb-8cbe-11636db21fc6.79943;79943;Parc Denis et Eugène Bühler A 241;OISEAU;MESANGE BLEUE;PT_BORDEAUX
44.875710009225465, -0.5726057839100591;"{""coordinates"": [-0.572605783910059, 44.875710009225465], ""type"": ""Point""}";_4ac15377-1d13-11eb-8cbe-11636db21fc6.79945;79945;Parc Denis et Eugène Bühler A 208;OISEAU;MESANGE CHARBONIERE;PT_BORDEAUX
44.85441900484589, -0.6000404859210429;"{""coordinates"": [-0.600040485921043, 44.85441900484589], ""type"": ""Point""}";_4ac15377-1d13-11eb-8cbe-11636db21fc6.79946;79946;Parc Bordelais L 39 Chênaie;OISEAU;MESANGE BLEUE;PT_BORDEAUX
44.885200876798976, -0.5395636424873069;"{""coordinates"": [-0.539563642487307, 44.885200876798976], ""type"": ""Point""}";_4ac15377-1d13-11eb-8cbe-11636db21fc6.79947;79947;Parc des Berges de Garonne C 45;OISEAU;TORCOL FOURMILIER;PT_BORDEAUX
44.87567279386167, -0.5725401304542169;"{""coordinates"": [-0.572540130454217, 44.87567279386167], ""type"": ""Point""}";_4ac15377-1d13-11eb-8cbe-11636db21fc6.79951;79951;Parc Denis et Eugène Bühler A 209;OISEAU;MESANGE CHARBONIERE;PT_BORDEAUX
44.84460265421007, -0.5648649909799104;"{""coordinates"": [-0.56486499097991, 44.84460265421007], ""type"": ""Point""}";_4ac15377-1d13-11eb-8cbe-11636db21fc6.79957;79957;Parc des Berges de Queyries 46;OISEAU;ROUGEQUEUE NOIR;PT_BORDEAUX
44.85466473505142, -0.6004994797813077;"{""coordinates"": [-0.600499479781308, 44.85466473505142], ""type"": ""Point""}";_4ac15377-1d13-11eb-8cbe-11636db21fc6.79966;79966;Parc Bordelais M 13 Chênaie;OISEAU;SITELLE TORCHEPOT;PT_BORDEAUX
44.85312721937915, -0.6013451951087808;"{""coordinates"": [-0.601345195108781, 44.85312721937915], ""type"": ""Point""}";_4ac15377-1d13-11eb-8cbe-11636db21fc6.79968;79968;Parc Bordelais J 31 Chênaie;OISEAU;GRIMPEREAU DES JARDINS;PT_BORDEAUX
44.85555208008678, -0.5879329364317152;"{""coordinates"": [-0.587932936431715, 44.85555208008678], ""type"": ""Point""}";_4ac15377-1d13-11eb-8cbe-11636db21fc6.79970;79970;Parc Rivière 55 Lisière;OISEAU;MESANGE CHARBONIERE;PT_BORDEAUX
44.85503594043426, -0.5869344891986072;"{""coordinates"": [-0.586934489198607, 44.85503594043426], ""type"": ""Point""}";_4ac15377-1d13-11eb-8cbe-11636db21fc6.79971;79971;Parc Rivière Ruines Espaces centraux;OISEAU;MARTINET NOIR;PT_BORDEAUX
44.84531507419438, -0.5650268357337032;"{""coordinates"": [-0.565026835733703, 44.84531507419438], ""type"": ""Point""}";_4ac15377-1d13-11eb-8cbe-11636db21fc6.79977;79977;Parc des Berges de Queyries 36;OISEAU;MESANGE CHARBONIERE;PT_BORDEAUX
44.884893980268004, -0.5391026938999953;"{""coordinates"": [-0.539102693899995, 44.884893980268004], ""type"": ""Point""}";_4ac15377-1d13-11eb-8cbe-11636db21fc6.79979;79979;Parc des Berges de Garonne C 68;OISEAU;HUPPE FASCIEE;PT_BORDEAUX
44.88659660938745, -0.5389733381231006;"{""coordinates"": [-0.538973338123101, 44.88659660938745], ""type"": ""Point""}";_4ac15377-1d13-11eb-8cbe-11636db21fc6.79980;79980;Parc des Berges de Garonne D 69;OISEAU;GRIMPEREAU DES JARDINS;PT_BORDEAUX
44.854325590789394, -0.6319898404692035;"{""coordinates"": [-0.631989840469203, 44.854325590789394], ""type"": ""Point""}";_4ac15377-1d13-11eb-8cbe-11636db21fc6.79832;79832;Parc Monséjour 141;OISEAU;SITELLE TORCHEPOT;PT_BORDEAUX
44.81505883200218, -0.5536959471422863;"{""coordinates"": [-0.553695947142286, 44.81505883200218], ""type"": ""Point""}";_4ac15377-1d13-11eb-8cbe-11636db21fc6.79837;79837;Jardin Brascassat 97;OISEAU;MESANGE CHARBONIERE;PT_BORDEAUX
44.81531471018188, -0.5543142500453607;"{""coordinates"": [-0.554314250045361, 44.81531471018188], ""type"": ""Point""}";_4ac15377-1d13-11eb-8cbe-11636db21fc6.79838;79838;Jardin Brascassat 51;OISEAU;MOINEAU DOMESTIQUE;PT_BORDEAUX
44.81611684860885, -0.5552577110142706;"{""coordinates"": [-0.555257711014271, 44.81611684860885], ""type"": ""Point""}";_4ac15377-1d13-11eb-8cbe-11636db21fc6.79840;79840;Jardin Brascassat_Bâtiment Ecole Elémentaire Carles Vernet;OISEAU;BERGERONETTE GRISE;PT_BORDEAUX
44.853069394644216, -0.6005105633612647;"{""coordinates"": [-0.600510563361265, 44.853069394644216], ""type"": ""Point""}";_4ac15377-1d13-11eb-8cbe-11636db21fc6.79845;79845;Parc Bordelais K 43 Chênaie;OISEAU;ROUGEQUEUE NOIR;PT_BORDEAUX
44.85452836721848, -0.5877280844252866;"{""coordinates"": [-0.587728084425287, 44.85452836721848], ""type"": ""Point""}";_4ac15377-1d13-11eb-8cbe-11636db21fc6.79856;79856;Parc Rivière 101 Lisière;OISEAU;MESANGE CHARBONIERE;PT_BORDEAUX
44.85586353494476, -0.5865050297385617;"{""coordinates"": [-0.586505029738562, 44.85586353494476], ""type"": ""Point""}";_4ac15377-1d13-11eb-8cbe-11636db21fc6.79858;79858;Parc Rivière 36 Lisière;OISEAU;MESANGE CHARBONIERE;PT_BORDEAUX
44.84739429085423, -0.5650934689228767;"{""coordinates"": [-0.565093468922877, 44.84739429085423], ""type"": ""Point""}";_4ac15377-1d13-11eb-8cbe-11636db21fc6.79860;79860;Parc des Berges de Queyries 9;OISEAU;MESANGE CHARBONIERE;PT_BORDEAUX
44.826134324304036, -0.5988760796882622;"{""coordinates"": [-0.598876079688262, 44.826134324304036], ""type"": ""Point""}";_4ac15377-1d13-11eb-8cbe-11636db21fc6.79861;79861;Jardin de la Béchade C 4;OISEAU;MESANGE CHARBONIERE;PT_BORDEAUX
44.85402406958259, -0.6318264513232998;"{""coordinates"": [-0.6318264513233, 44.85402406958259], ""type"": ""Point""}";_4ac15377-1d13-11eb-8cbe-11636db21fc6.79865;79865;Parc Monséjour 86;OISEAU;MESANGE BLEUE;PT_BORDEAUX
44.90125537971666, -0.5618886579819312;"{""coordinates"": [-0.561888657981931, 44.90125537971666], ""type"": ""Point""}";_4ac15377-1d13-11eb-8cbe-11636db21fc6.79873;79873;Parc Floral D 47;OISEAU;FAUCON CRECERELLE;PT_BORDEAUX
44.85224819730487, -0.6049965787632341;"{""coordinates"": [-0.604996578763234, 44.85224819730487], ""type"": ""Point""}";_4ac15377-1d13-11eb-8cbe-11636db21fc6.79877;79877;Parc Bordelais Jj 231 Lisière;OISEAU;MESANGE BLEUE;PT_BORDEAUX
44.849109349131126, -0.5757846083686671;"{""coordinates"": [-0.575784608368667, 44.849109349131126], ""type"": ""Point""}";_4ac15377-1d13-11eb-8cbe-11636db21fc6.79882;79882;Jardin Public P 10 Lisière;OISEAU;ROUGEGORGE FAMILIER;PT_BORDEAUX
44.84257498961833, -0.585842709562652;"{""coordinates"": [-0.585842709562652, 44.84257498961833], ""type"": ""Point""}";_4ac15377-1d13-11eb-8cbe-11636db21fc6.84806;84806;Place des Martyrs de la Résistance A 25 Centre Ville;OISEAU;MESANGE BLEUE;PT_BORDEAUX
44.842892801725775, -0.585345007173446;"{""coordinates"": [-0.585345007173446, 44.842892801725775], ""type"": ""Point""}";_4ac15377-1d13-11eb-8cbe-11636db21fc6.84807;84807;Place des Martyrs de la Résistance B 14 Centre Ville;CHAUVE_SOURIS;CHRYSOPE;PT_BORDEAUX
44.842793319378515, -0.5860379950930164;"{""coordinates"": [-0.586037995093016, 44.842793319378515], ""type"": ""Point""}";_4ac15377-1d13-11eb-8cbe-11636db21fc6.84808;84808;Place des Martyrs de la Résistance A 1 Centre Ville;OISEAU;MESANGE BLEUE;PT_BORDEAUX
44.84258862749628, -0.5852954352037535;"{""coordinates"": [-0.585295435203753, 44.84258862749628], ""type"": ""Point""}";_4ac15377-1d13-11eb-8cbe-11636db21fc6.84810;84810;Place des Martyrs de la Résistance B 6 Centre Ville;OISEAU;MESANGE BLEUE;PT_BORDEAUX
44.85528709697896, -0.6028318114250042;"{""coordinates"": [-0.602831811425004, 44.85528709697896], ""type"": ""Point""}";_4ac15377-1d13-11eb-8cbe-11636db21fc6.80027;80027;Parc Bordelais W 15 Espaces centraux;OISEAU;MESANGE CHARBONIERE;PT_BORDEAUX
44.85012608973844, -0.5785708331128069;"{""coordinates"": [-0.578570833112807, 44.85012608973844], ""type"": ""Point""}";_4ac15377-1d13-11eb-8cbe-11636db21fc6.79869;79869;Jardin Public T 11 Lac;OISEAU;MESANGE CHARBONIERE;PT_BORDEAUX
44.824661115785, -0.5818709072465998;"{""coordinates"": [-0.5818709072466, 44.824661115785], ""type"": ""Point""}";_4ac15377-1d13-11eb-8cbe-11636db21fc6.79895;79895;Jardin des Dames de la foi 69;OISEAU;MESANGE BLEUE;PT_BORDEAUX
44.855174728524595, -0.6014863937209527;"{""coordinates"": [-0.601486393720953, 44.855174728524595], ""type"": ""Point""}";_4ac15377-1d13-11eb-8cbe-11636db21fc6.80049;80049;Parc Bordelais Abris O Chênaie;OISEAU;MOINEAU DOMESTIQUE;PT_BORDEAUX
44.854131328858514, -0.632327131056902;"{""coordinates"": [-0.632327131056902, 44.854131328858514], ""type"": ""Point""}";_4ac15377-1d13-11eb-8cbe-11636db21fc6.79883;79883;Parc Monséjour 104;OISEAU;GRIMPEREAU DES JARDINS;PT_BORDEAUX
44.88294059282123, -0.5405153228361179;"{""coordinates"": [-0.540515322836118, 44.88294059282123], ""type"": ""Point""}";_4ac15377-1d13-11eb-8cbe-11636db21fc6.79910;79910;Parc des Berges de Garonne A 209;OISEAU;MESANGE CHARBONIERE;PT_BORDEAUX
44.84901526611568, -0.5786808774605657;"{""coordinates"": [-0.578680877460566, 44.84901526611568], ""type"": ""Point""}";_4ac15377-1d13-11eb-8cbe-11636db21fc6.80002;80002;Jardin Public C 4 Espaces Centraux;OISEAU;CHOUETTE HULOTTE;PT_BORDEAUX
44.85519419187455, -0.5864462524626002;"{""coordinates"": [-0.5864462524626, 44.85519419187455], ""type"": ""Point""}";_4ac15377-1d13-11eb-8cbe-11636db21fc6.79952;79952;Parc Rivière Lisière;OISEAU;MESANGE CHARBONIERE;PT_BORDEAUX
44.84794065948023, -0.5955466201592837;"{""coordinates"": [-0.595546620159284, 44.84794065948023], ""type"": ""Point""}";_4ac15377-1d13-11eb-8cbe-11636db21fc6.79829;79829;Jardin de la Visitation_Bâtiment;OISEAU;ROUGEQUEUE NOIR;PT_BORDEAUX
44.854512116497126, -0.5874033728214573;"{""coordinates"": [-0.587403372821457, 44.854512116497126], ""type"": ""Point""}";_4ac15377-1d13-11eb-8cbe-11636db21fc6.79871;79871;Parc Rivière 108 Lisière;OISEAU;MESANGE BLEUE;PT_BORDEAUX
44.82641757392131, -0.5974764315483911;"{""coordinates"": [-0.597476431548391, 44.82641757392131], ""type"": ""Point""}";_4ac15377-1d13-11eb-8cbe-11636db21fc6.79884;79884;Jardin de la Béchade A;OISEAU;MESANGE CHARBONIERE;PT_BORDEAUX
44.82480694448113, -0.582166036216812;"{""coordinates"": [-0.582166036216812, 44.82480694448113], ""type"": ""Point""}";_4ac15377-1d13-11eb-8cbe-11636db21fc6.79885;79885;Jardin des Dames de la foi 134;OISEAU;MOINEAU DOMESTIQUE;PT_BORDEAUX
44.85052061152282, -0.5792107828440793;"{""coordinates"": [-0.579210782844079, 44.85052061152282], ""type"": ""Point""}";_4ac15377-1d13-11eb-8cbe-11636db21fc6.79886;79886;Jardin Public B 12 Lisière;OISEAU;MESANGE CHARBONIERE;PT_BORDEAUX
44.84823913747018, -0.5951433210464511;"{""coordinates"": [-0.595143321046451, 44.84823913747018], ""type"": ""Point""}";_4ac15377-1d13-11eb-8cbe-11636db21fc6.79889;79889;Jardin de la Visitation 10;OISEAU;MESANGE CHARBONIERE;PT_BORDEAUX
44.84864033013897, -0.5948391214540405;"{""coordinates"": [-0.59483912145404, 44.84864033013897], ""type"": ""Point""}";_4ac15377-1d13-11eb-8cbe-11636db21fc6.79890;79890;Jardin de la Visitation 22;OISEAU;MESANGE BLEUE;PT_BORDEAUX
44.82499876258882, -0.5824682028323331;"{""coordinates"": [-0.582468202832333, 44.82499876258882], ""type"": ""Point""}";_4ac15377-1d13-11eb-8cbe-11636db21fc6.79894;79894;Jardin des Dames de la foi 124;OISEAU;MESANGE BLEUE;PT_BORDEAUX
44.825046573309386, -0.5820654930931081;"{""coordinates"": [-0.582065493093108, 44.825046573309386], ""type"": ""Point""}";_4ac15377-1d13-11eb-8cbe-11636db21fc6.79897;79897;Jardin des Dames de la foi 20;OISEAU;CHOUETTE HULOTTE;PT_BORDEAUX
44.854969435858784, -0.5863405669410081;"{""coordinates"": [-0.586340566941008, 44.854969435858784], ""type"": ""Point""}";_4ac15377-1d13-11eb-8cbe-11636db21fc6.79900;79900;Parc Rivière 179 Lisière;OISEAU;MESANGE CHARBONIERE;PT_BORDEAUX
44.85450481811712, -0.6014114500757755;"{""coordinates"": [-0.601411450075775, 44.85450481811712], ""type"": ""Point""}";_4ac15377-1d13-11eb-8cbe-11636db21fc6.79902;79902;Parc Bordelais O 22 Chênaie;OISEAU;MESANGE CHARBONIERE;PT_BORDEAUX
44.88584805714403, -0.5402023871723697;"{""coordinates"": [-0.54020238717237, 44.88584805714403], ""type"": ""Point""}";_4ac15377-1d13-11eb-8cbe-11636db21fc6.79903;79903;Parc des Berges de Garonne A 116;OISEAU;ROUGEQUEUE NOIR;PT_BORDEAUX
44.84798680017282, -0.5770133664033134;"{""coordinates"": [-0.577013366403313, 44.84798680017282], ""type"": ""Point""}";_4ac15377-1d13-11eb-8cbe-11636db21fc6.79906;79906;Jardin Public J 2 Espaces Centraux;OISEAU;MESANGE BLEUE;PT_BORDEAUX
44.84826954660709, -0.5769479827086214;"{""coordinates"": [-0.576947982708621, 44.84826954660709], ""type"": ""Point""}";_4ac15377-1d13-11eb-8cbe-11636db21fc6.79907;79907;Jardin Public Abris J Espaces Centraux;OISEAU;ROUGEGORGE FAMILIER;PT_BORDEAUX
44.85138135753778, -0.6047171641810242;"{""coordinates"": [-0.604717164181024, 44.85138135753778], ""type"": ""Point""}";_4ac15377-1d13-11eb-8cbe-11636db21fc6.79909;79909;Parc Bordelais Jj 112 Lisière;OISEAU;MESANGE BLEUE;PT_BORDEAUX
44.887766881378, -0.5400873710225663;"{""coordinates"": [-0.540087371022566, 44.887766881378], ""type"": ""Point""}";_4ac15377-1d13-11eb-8cbe-11636db21fc6.79912;79912;Parc des Berges de Garonne A 24;OISEAU;MOINEAU DOMESTIQUE;PT_BORDEAUX
44.88848291877718, -0.5404872207546337;"{""coordinates"": [-0.540487220754634, 44.88848291877718], ""type"": ""Point""}";_4ac15377-1d13-11eb-8cbe-11636db21fc6.79982;79982;Parc des Berges de Garonne E 76;OISEAU;ROUGEQUEUE NOIR;PT_BORDEAUX
44.854720381063835, -0.6008989751175591;"{""coordinates"": [-0.600898975117559, 44.854720381063835], ""type"": ""Point""}";_4ac15377-1d13-11eb-8cbe-11636db21fc6.79985;79985;Parc Bordelais N 12 Chênaie;OISEAU;CHOUETTE HULOTTE;PT_BORDEAUX
44.85535369207082, -0.6045099827238122;"{""coordinates"": [-0.604509982723812, 44.85535369207082], ""type"": ""Point""}";_4ac15377-1d13-11eb-8cbe-11636db21fc6.80000;80000;Parc Bordelais Y Lisière;OISEAU;ROUGEGORGE FAMILIER;PT_BORDEAUX
44.85458239008017, -0.6037850523460951;"{""coordinates"": [-0.603785052346095, 44.85458239008017], ""type"": ""Point""}";_4ac15377-1d13-11eb-8cbe-11636db21fc6.80005;80005;Parc Bordelais Qr 27 Espaces centraux;OISEAU;GRIMPEREAU DES JARDINS;PT_BORDEAUX
44.85046194982184, -0.6017015562531477;"{""coordinates"": [-0.601701556253148, 44.85046194982184], ""type"": ""Point""}";_4ac15377-1d13-11eb-8cbe-11636db21fc6.80006;80006;Parc Bordelais G 39 Espaces centraux;OISEAU;MESANGE BLEUE;PT_BORDEAUX
44.85134011657259, -0.6009853761894758;"{""coordinates"": [-0.600985376189476, 44.85134011657259], ""type"": ""Point""}";_4ac15377-1d13-11eb-8cbe-11636db21fc6.80009;80009;Parc Bordelais F 91 Espaces centraux;OISEAU;GOBEMOUCHE GRIS;PT_BORDEAUX
44.85285498796239, -0.6027858033945142;"{""coordinates"": [-0.602785803394514, 44.85285498796239], ""type"": ""Point""}";_4ac15377-1d13-11eb-8cbe-11636db21fc6.80019;80019;Parc Bordelais Abris Cc Espaces centraux;OISEAU;MESANGE CHARBONIERE;PT_BORDEAUX
44.9031353341329, -0.5617648289567335;"{""coordinates"": [-0.561764828956734, 44.9031353341329], ""type"": ""Point""}";_4ac15377-1d13-11eb-8cbe-11636db21fc6.80023;80023;Parc Floral J 198;OISEAU;SITELLE TORCHEPOT;PT_BORDEAUX
44.90299909819424, -0.5617832675609125;"{""coordinates"": [-0.561783267560912, 44.90299909819424], ""type"": ""Point""}";_4ac15377-1d13-11eb-8cbe-11636db21fc6.80024;80024;Parc Floral J 210;OISEAU;SITELLE TORCHEPOT;PT_BORDEAUX
44.853866187833916, -0.6018426277575162;"{""coordinates"": [-0.601842627757516, 44.853866187833916], ""type"": ""Point""}";_4ac15377-1d13-11eb-8cbe-11636db21fc6.80029;80029;Parc Bordelais P 43 Chênaie;OISEAU;MESANGE CHARBONIERE;PT_BORDEAUX
44.853849876719345, -0.6017858850476567;"{""coordinates"": [-0.601785885047657, 44.853849876719345], ""type"": ""Point""}";_4ac15377-1d13-11eb-8cbe-11636db21fc6.80030;80030;Parc Bordelais P 29 Chênaie;OISEAU;MESANGE BLEUE;PT_BORDEAUX
44.84864066105785, -0.5794072505455494;"{""coordinates"": [-0.579407250545549, 44.84864066105785], ""type"": ""Point""}";_4ac15377-1d13-11eb-8cbe-11636db21fc6.80037;80037;Jardin Public D 4 Espaces Centraux;OISEAU;GRIMPEREAU DES JARDINS;PT_BORDEAUX
44.84851461024403, -0.5778551754705685;"{""coordinates"": [-0.577855175470569, 44.84851461024403], ""type"": ""Point""}";_4ac15377-1d13-11eb-8cbe-11636db21fc6.80040;80040;Jardin Public G 25 Espaces Centraux;OISEAU;ROUGEQUEUE A FRONT BLANC;PT_BORDEAUX
44.8492784026918, -0.5803992712227687;"{""coordinates"": [-0.580399271222769, 44.8492784026918], ""type"": ""Point""}";_4ac15377-1d13-11eb-8cbe-11636db21fc6.80043;80043;Jardin Public AB 5 Espaces Centraux;OISEAU;MESANGE CHARBONIERE;PT_BORDEAUX
44.849820317180345, -0.5775919661848183;"{""coordinates"": [-0.577591966184818, 44.849820317180345], ""type"": ""Point""}";_4ac15377-1d13-11eb-8cbe-11636db21fc6.80046;80046;Jardin Public R Espaces Centraux;OISEAU;ROUGEGORGE FAMILIER;PT_BORDEAUX
44.845027835321886, -0.5647297347727751;"{""coordinates"": [-0.564729734772775, 44.845027835321886], ""type"": ""Point""}";_4ac15377-1d13-11eb-8cbe-11636db21fc6.80057;80057;Parc des Berges de Queyries Quai de Queyries_B 145;OISEAU;MOINEAU DOMESTIQUE;PT_BORDEAUX
44.87609982895916, -0.5729920510065986;"{""coordinates"": [-0.572992051006599, 44.87609982895916], ""type"": ""Point""}";_4ac15377-1d13-11eb-8cbe-11636db21fc6.79934;79934;Parc Denis et Eugène Bühler A 192;OISEAU;MESANGE CHARBONIERE;PT_BORDEAUX
44.85341774973475, -0.5992056446387013;"{""coordinates"": [-0.599205644638701, 44.85341774973475], ""type"": ""Point""}";_4ac15377-1d13-11eb-8cbe-11636db21fc6.79939;79939;Parc Bordelais H 179 Lisière;OISEAU;SITELLE TORCHEPOT;PT_BORDEAUX
44.85462561213879, -0.6045054501841295;"{""coordinates"": [-0.604505450184129, 44.85462561213879], ""type"": ""Point""}";_4ac15377-1d13-11eb-8cbe-11636db21fc6.79948;79948;Parc Bordelais Z 217 Lisière;OISEAU;ROUGEGORGE FAMILIER;PT_BORDEAUX
44.85553385922754, -0.5858638130297505;"{""coordinates"": [-0.585863813029751, 44.85553385922754], ""type"": ""Point""}";_4ac15377-1d13-11eb-8cbe-11636db21fc6.79955;79955;Parc Rivière Maison du Jardinier;OISEAU;MOINEAU DOMESTIQUE;PT_BORDEAUX
44.84548419526279, -0.5652671201627497;"{""coordinates"": [-0.56526712016275, 44.84548419526279], ""type"": ""Point""}";_4ac15377-1d13-11eb-8cbe-11636db21fc6.79956;79956;Parc des Berges de Queyries 25;OISEAU;MESANGE BLEUE;PT_BORDEAUX
44.84656118106911, -0.56541709538104;"{""coordinates"": [-0.56541709538104, 44.84656118106911], ""type"": ""Point""}";_4ac15377-1d13-11eb-8cbe-11636db21fc6.79960;79960;Parc des Berges de Queyries 17;OISEAU;MESANGE CHARBONIERE;PT_BORDEAUX
44.85346515592864, -0.5994755671914456;"{""coordinates"": [-0.599475567191446, 44.85346515592864], ""type"": ""Point""}";_4ac15377-1d13-11eb-8cbe-11636db21fc6.79961;79961;Parc Bordelais Abris H Lisière;OISEAU;MESANGE CHARBONIERE;PT_BORDEAUX
44.85482897003203, -0.6010714152126686;"{""coordinates"": [-0.601071415212669, 44.85482897003203], ""type"": ""Point""}";_4ac15377-1d13-11eb-8cbe-11636db21fc6.79963;79963;Parc Bordelais N 18 Chênaie;OISEAU;MESANGE BLEUE;PT_BORDEAUX
44.85082449326397, -0.6012072987376657;"{""coordinates"": [-0.601207298737666, 44.85082449326397], ""type"": ""Point""}";_4ac15377-1d13-11eb-8cbe-11636db21fc6.79964;79964;Parc Bordelais G 15 Espaces centraux;OISEAU;GRIMPEREAU DES JARDINS;PT_BORDEAUX
44.85127741990669, -0.6004841540602284;"{""coordinates"": [-0.600484154060228, 44.85127741990669], ""type"": ""Point""}";_4ac15377-1d13-11eb-8cbe-11636db21fc6.79965;79965;Parc Bordelais E 53 Lisière;OISEAU;ROUGEGORGE FAMILIER;PT_BORDEAUX
44.85545291663876, -0.5881753631877097;"{""coordinates"": [-0.58817536318771, 44.85545291663876], ""type"": ""Point""}";_4ac15377-1d13-11eb-8cbe-11636db21fc6.79972;79972;Parc Rivière 61 Lisière;OISEAU;MESANGE CHARBONIERE;PT_BORDEAUX
44.8450274237568, -0.5649643371372376;"{""coordinates"": [-0.564964337137238, 44.8450274237568], ""type"": ""Point""}";_4ac15377-1d13-11eb-8cbe-11636db21fc6.79976;79976;Parc des Berges de Queyries 40;OISEAU;SITELLE TORCHEPOT;PT_BORDEAUX
44.85414328361508, -0.6309217434491216;"{""coordinates"": [-0.630921743449122, 44.85414328361508], ""type"": ""Point""}";_4ac15377-1d13-11eb-8cbe-11636db21fc6.79830;79830;Parc Monséjour 14;OISEAU;MESANGE CHARBONIERE;PT_BORDEAUX
44.85421771222505, -0.6327874892565571;"{""coordinates"": [-0.632787489256557, 44.85421771222505], ""type"": ""Point""}";_4ac15377-1d13-11eb-8cbe-11636db21fc6.79831;79831;Parc Monséjour 123;OISEAU;MESANGE CHARBONIERE;PT_BORDEAUX
44.81542881248361, -0.5538192436022845;"{""coordinates"": [-0.553819243602285, 44.81542881248361], ""type"": ""Point""}";_4ac15377-1d13-11eb-8cbe-11636db21fc6.79836;79836;Jardin Brascassat 48;OISEAU;MESANGE CHARBONIERE;PT_BORDEAUX
44.815423683510026, -0.555251907606143;"{""coordinates"": [-0.555251907606143, 44.815423683510026], ""type"": ""Point""}";_4ac15377-1d13-11eb-8cbe-11636db21fc6.79841;79841;Jardin Brascassat_Bâtiment Ecole Maternelle Carles Vernet;OISEAU;ROUGEQUEUE NOIR;PT_BORDEAUX
44.854338464433134, -0.6044588582968399;"{""coordinates"": [-0.60445885829684, 44.854338464433134], ""type"": ""Point""}";_4ac15377-1d13-11eb-8cbe-11636db21fc6.79846;79846;Parc Bordelais Z 79 Lisière;OISEAU;GRIMPEREAU DES JARDINS;PT_BORDEAUX
44.853703500961345, -0.6311588320919467;"{""coordinates"": [-0.631158832091947, 44.853703500961345], ""type"": ""Point""}";_4ac15377-1d13-11eb-8cbe-11636db21fc6.79847;79847;Parc Monséjour 29;OISEAU;GRIMPEREAU DES JARDINS;PT_BORDEAUX
44.85365282680685, -0.6048123406527779;"{""coordinates"": [-0.604812340652778, 44.85365282680685], ""type"": ""Point""}";_4ac15377-1d13-11eb-8cbe-11636db21fc6.79849;79849;Parc Bordelais Z 160 Lisière;OISEAU;ROUGEGORGE FAMILIER;PT_BORDEAUX
44.82666978562503, -0.5986677489032614;"{""coordinates"": [-0.598667748903261, 44.82666978562503], ""type"": ""Point""}";_4ac15377-1d13-11eb-8cbe-11636db21fc6.79851;79851;Jardin de la Béchade A 14;OISEAU;MESANGE CHARBONIERE;PT_BORDEAUX
44.826565034093534, -0.5992312073779205;"{""coordinates"": [-0.59923120737792, 44.826565034093534], ""type"": ""Point""}";_4ac15377-1d13-11eb-8cbe-11636db21fc6.79852;79852;Jardin de la Béchade A 26;OISEAU;MESANGE CHARBONIERE;PT_BORDEAUX
44.85540784111293, -0.5862897256268265;"{""coordinates"": [-0.586289725626826, 44.85540784111293], ""type"": ""Point""}";_4ac15377-1d13-11eb-8cbe-11636db21fc6.79854;79854;Parc Rivière 198 Lisière;OISEAU;GRIMPEREAU DES JARDINS;PT_BORDEAUX
44.85391262131457, -0.6316433876136646;"{""coordinates"": [-0.631643387613665, 44.85391262131457], ""type"": ""Point""}";_4ac15377-1d13-11eb-8cbe-11636db21fc6.79855;79855;Parc Monséjour_Bâtiment;OISEAU;MOINEAU DOMESTIQUE;PT_BORDEAUX
44.88498974929214, -0.5392123543361482;"{""coordinates"": [-0.539212354336148, 44.88498974929214], ""type"": ""Point""}";_4ac15377-1d13-11eb-8cbe-11636db21fc6.79866;79866;Parc des Berges de Garonne C 65;OISEAU;MESANGE CHARBONIERE;PT_BORDEAUX
44.9057593433986, -0.5611885207735793;"{""coordinates"": [-0.561188520773579, 44.9057593433986], ""type"": ""Point""}";_4ac15377-1d13-11eb-8cbe-11636db21fc6.79870;79870;Parc Floral K 86;OISEAU;FAUCON CRECERELLE;PT_BORDEAUX
44.85164338121278, -0.6002604669062033;"{""coordinates"": [-0.600260466906203, 44.85164338121278], ""type"": ""Point""}";_4ac15377-1d13-11eb-8cbe-11636db21fc6.79875;79875;Parc Bordelais E 147 Lisière;OISEAU;TROGLODYTE MIGNON;PT_BORDEAUX
44.82525497487082, -0.5818952887021027;"{""coordinates"": [-0.581895288702103, 44.82525497487082], ""type"": ""Point""}";_4ac15377-1d13-11eb-8cbe-11636db21fc6.79878;79878;Jardin des Dames de la foi 93;OISEAU;MOINEAU DOMESTIQUE;PT_BORDEAUX
44.842972201745404, -0.585332348968495;"{""coordinates"": [-0.585332348968495, 44.842972201745404], ""type"": ""Point""}";_4ac15377-1d13-11eb-8cbe-11636db21fc6.84805;84805;Place des Martyrs de la Résistance B 15 Centre Ville;CHAUVE_SOURIS;CHRYSOPE;PT_BORDEAUX
44.842530064074666, -0.5855874399064366;"{""coordinates"": [-0.585587439906437, 44.842530064074666], ""type"": ""Point""}";_4ac15377-1d13-11eb-8cbe-11636db21fc6.84839;84839;Place des Martyrs de la Résistance A 28 Centre Ville;CHAUVE_SOURIS;CHRYSOPE;PT_BORDEAUX
44.84247310844027, -0.5854995684671296;"{""coordinates"": [-0.58549956846713, 44.84247310844027], ""type"": ""Point""}";_4ac15377-1d13-11eb-8cbe-11636db21fc6.84840;84840;Place des Martyrs de la Résistance A 31 Centre Ville;CHAUVE_SOURIS;CHRYSOPE;PT_BORDEAUX
44.85545898882601, -0.6016812199404008;"{""coordinates"": [-0.601681219940401, 44.85545898882601], ""type"": ""Point""}";_4ac15377-1d13-11eb-8cbe-11636db21fc6.79904;79904;Parc Bordelais V 60 Lisière;OISEAU;TROGLODYTE MIGNON;PT_BORDEAUX
44.8780734475018, -0.5744889084914291;"{""coordinates"": [-0.574488908491429, 44.8780734475018], ""type"": ""Point""}";_4ac15377-1d13-11eb-8cbe-11636db21fc6.79936;79936;Parc Denis et Eugène Bühler A 140;OISEAU;ROUGEGORGE FAMILIER;PT_BORDEAUX
44.85408787113224, -0.6307780541366351;"{""coordinates"": [-0.630778054136635, 44.85408787113224], ""type"": ""Point""}";_4ac15377-1d13-11eb-8cbe-11636db21fc6.79834;79834;Parc Monséjour 13;OISEAU;CHOUETTE HULOTTE;PT_BORDEAUX
44.85041849637921, -0.6012670141199202;"{""coordinates"": [-0.60126701411992, 44.85041849637921], ""type"": ""Point""}";_4ac15377-1d13-11eb-8cbe-11636db21fc6.80014;80014;Parc Bordelais G 150 Espaces centraux;OISEAU;TROGLODYTE MIGNON;PT_BORDEAUX
44.8541977077791, -0.6002786736161408;"{""coordinates"": [-0.600278673616141, 44.8541977077791], ""type"": ""Point""}";_4ac15377-1d13-11eb-8cbe-11636db21fc6.79942;79942;Parc Bordelais L 3 Chênaie;OISEAU;ROUGEGORGE FAMILIER;PT_BORDEAUX
44.8160475006127, -0.554256929714486;"{""coordinates"": [-0.554256929714486, 44.8160475006127], ""type"": ""Point""}";_4ac15377-1d13-11eb-8cbe-11636db21fc6.79850;79850;Jardin Brascassat 26;OISEAU;MESANGE CHARBONIERE;PT_BORDEAUX
44.88362537519562, -0.5392485892168312;"{""coordinates"": [-0.539248589216831, 44.88362537519562], ""type"": ""Point""}";_4ac15377-1d13-11eb-8cbe-11636db21fc6.79868;79868;Parc des Berges de Garonne C 126;OISEAU;MESANGE BLEUE;PT_BORDEAUX
44.82457163620305, -0.5819748344178001;"{""coordinates"": [-0.5819748344178, 44.82457163620305], ""type"": ""Point""}";_4ac15377-1d13-11eb-8cbe-11636db21fc6.79896;79896;Jardin des Dames de la foi 116;OISEAU;ROUGEQUEUE NOIR;PT_BORDEAUX
44.848478783508156, -0.5949370551964919;"{""coordinates"": [-0.594937055196492, 44.848478783508156], ""type"": ""Point""}";_4ac15377-1d13-11eb-8cbe-11636db21fc6.79887;79887;Jardin de la Visitation 26;OISEAU;CHOUETTE HULOTTE;PT_BORDEAUX
44.84802236982777, -0.5953211286979437;"{""coordinates"": [-0.595321128697944, 44.84802236982777], ""type"": ""Point""}";_4ac15377-1d13-11eb-8cbe-11636db21fc6.79888;79888;Jardin de la Visitation 4;OISEAU;MESANGE BLEUE;PT_BORDEAUX
44.82531554743872, -0.5824348602746398;"{""coordinates"": [-0.58243486027464, 44.82531554743872], ""type"": ""Point""}";_4ac15377-1d13-11eb-8cbe-11636db21fc6.79892;79892;Jardin des Dames de la foi 1;OISEAU;SITELLE TORCHEPOT;PT_BORDEAUX
44.82484126953506, -0.5822174085384537;"{""coordinates"": [-0.582217408538454, 44.82484126953506], ""type"": ""Point""}";_4ac15377-1d13-11eb-8cbe-11636db21fc6.79899;79899;Jardin des Dames de la foi 74;OISEAU;ROUGEGORGE FAMILIER;PT_BORDEAUX
44.85020653459385, -0.5803267841533117;"{""coordinates"": [-0.580326784153312, 44.85020653459385], ""type"": ""Point""}";_4ac15377-1d13-11eb-8cbe-11636db21fc6.79901;79901;Jardin Public V 25 Lac;OISEAU;GRIMPEREAU DES JARDINS;PT_BORDEAUX
44.8868850505175, -0.5390831896875908;"{""coordinates"": [-0.539083189687591, 44.8868850505175], ""type"": ""Point""}";_4ac15377-1d13-11eb-8cbe-11636db21fc6.79905;79905;Parc des Berges de Garonne D 6;OISEAU;ROUGEGORGE FAMILIER;PT_BORDEAUX
44.84969788220098, -0.5799361665567339;"{""coordinates"": [-0.579936166556734, 44.84969788220098], ""type"": ""Point""}";_4ac15377-1d13-11eb-8cbe-11636db21fc6.79911;79911;Jardin Public JB K 2 Jardin Botanique;OISEAU;MESANGE BLEUE;PT_BORDEAUX
44.88784696593865, -0.539000157477065;"{""coordinates"": [-0.539000157477065, 44.88784696593865], ""type"": ""Point""}";_4ac15377-1d13-11eb-8cbe-11636db21fc6.79916;79916;Parc des Berges de Garonne D 44;OISEAU;GRIMPEREAU DES JARDINS;PT_BORDEAUX
44.85505119947738, -0.5865874216217162;"{""coordinates"": [-0.586587421621716, 44.85505119947738], ""type"": ""Point""}";_4ac15377-1d13-11eb-8cbe-11636db21fc6.79917;79917;Parc Rivière Ruines Espaces centraux;OISEAU;ROUGEGORGE FAMILIER;PT_BORDEAUX
44.85345053564365, -0.6056048686008143;"{""coordinates"": [-0.605604868600814, 44.85345053564365], ""type"": ""Point""}";_4ac15377-1d13-11eb-8cbe-11636db21fc6.79918;79918;Parc Bordelais Z 39 Lisière;OISEAU;MESANGE BLEUE;PT_BORDEAUX
44.87462420615611, -0.5699537619393354;"{""coordinates"": [-0.569953761939335, 44.87462420615611], ""type"": ""Point""}";_4ac15377-1d13-11eb-8cbe-11636db21fc6.79919;79919;Parc Denis et Eugène Bühler B 40;OISEAU;MESANGE BLEUE;PT_BORDEAUX
44.82542745419847, -0.5816843704414474;"{""coordinates"": [-0.581684370441447, 44.82542745419847], ""type"": ""Point""}";_4ac15377-1d13-11eb-8cbe-11636db21fc6.79925;79925;Jardin des Dames de la foi 60;OISEAU;ROUGEQUEUE NOIR;PT_BORDEAUX
44.87790407213572, -0.5742170240562878;"{""coordinates"": [-0.574217024056288, 44.87790407213572], ""type"": ""Point""}";_4ac15377-1d13-11eb-8cbe-11636db21fc6.79981;79981;Parc Denis et Eugène Bühler A 127;OISEAU;CHOUETTE HULOTTE;PT_BORDEAUX
44.88410898293126, -0.5396145956551803;"{""coordinates"": [-0.53961459565518, 44.88410898293126], ""type"": ""Point""}";_4ac15377-1d13-11eb-8cbe-11636db21fc6.79983;79983;Parc des Berges de Garonne C 104;OISEAU;GRIMPEREAU DES JARDINS;PT_BORDEAUX
44.854778435052964, -0.6029418345998273;"{""coordinates"": [-0.602941834599827, 44.854778435052964], ""type"": ""Point""}";_4ac15377-1d13-11eb-8cbe-11636db21fc6.79989;79989;Parc Bordelais Qr 2 Espaces centraux;OISEAU;MESANGE CHARBONIERE;PT_BORDEAUX
44.8550169693905, -0.6015384583403216;"{""coordinates"": [-0.601538458340322, 44.8550169693905], ""type"": ""Point""}";_4ac15377-1d13-11eb-8cbe-11636db21fc6.79995;79995;Parc Bordelais O 49 Chênaie;OISEAU;ROUGEGORGE FAMILIER;PT_BORDEAUX
44.8535806244485, -0.6006097682313618;"{""coordinates"": [-0.600609768231362, 44.8535806244485], ""type"": ""Point""}";_4ac15377-1d13-11eb-8cbe-11636db21fc6.79997;79997;Parc Bordelais K 17 Chênaie;OISEAU;MESANGE CHARBONIERE;PT_BORDEAUX
44.855414295934, -0.5873514114887688;"{""coordinates"": [-0.587351411488769, 44.855414295934], ""type"": ""Point""}";_4ac15377-1d13-11eb-8cbe-11636db21fc6.79998;79998;Parc Rivière Espaces centraux;OISEAU;ROUGEQUEUE A FRONT BLANC;PT_BORDEAUX
44.849225402320776, -0.5773977413873524;"{""coordinates"": [-0.577397741387352, 44.849225402320776], ""type"": ""Point""}";_4ac15377-1d13-11eb-8cbe-11636db21fc6.80036;80036;Jardin Public M 11 Aire de jeux-Ile aux enfants;OISEAU;MESANGE BLEUE;PT_BORDEAUX
44.847985140954194, -0.5790119586105952;"{""coordinates"": [-0.579011958610595, 44.847985140954194], ""type"": ""Point""}";_4ac15377-1d13-11eb-8cbe-11636db21fc6.80042;80042;Jardin Public F 10 Espaces Centraux;OISEAU;MESANGE BLEUE;PT_BORDEAUX
44.84965540746308, -0.5807252285001382;"{""coordinates"": [-0.580725228500138, 44.84965540746308], ""type"": ""Point""}";_4ac15377-1d13-11eb-8cbe-11636db21fc6.80044;80044;Jardin Public AC 9 Espaces Centraux;OISEAU;MESANGE BLEUE;PT_BORDEAUX
44.88189503512549, -0.5397478371743717;"{""coordinates"": [-0.539747837174372, 44.88189503512549], ""type"": ""Point""}";_4ac15377-1d13-11eb-8cbe-11636db21fc6.79944;79944;Parc des Berges de Garonne B 94;OISEAU;MESANGE BLEUE;PT_BORDEAUX
44.882602237583335, -0.5394871109350325;"{""coordinates"": [-0.539487110935033, 44.882602237583335], ""type"": ""Point""}";_4ac15377-1d13-11eb-8cbe-11636db21fc6.79949;79949;Parc des Berges de Garonne B 7;OISEAU;TROGLODYTE MIGNON;PT_BORDEAUX
44.8837743183072, -0.5396906935935032;"{""coordinates"": [-0.539690693593503, 44.8837743183072], ""type"": ""Point""}";_4ac15377-1d13-11eb-8cbe-11636db21fc6.79950;79950;Parc des Berges de Garonne C 120;OISEAU;TORCOL FOURMILIER;PT_BORDEAUX
44.848037547215895, -0.5955079677464113;"{""coordinates"": [-0.595507967746411, 44.848037547215895], ""type"": ""Point""}";_4ac15377-1d13-11eb-8cbe-11636db21fc6.79839;79839;Jardin de la Visitation_Bâtiment;OISEAU;MOINEAU DOMESTIQUE;PT_BORDEAUX
44.90510228597442, -0.567011940178138;"{""coordinates"": [-0.567011940178138, 44.90510228597442], ""type"": ""Point""}";_4ac15377-1d13-11eb-8cbe-11636db21fc6.79842;79842;Parc Floral_Bâtiment Classes vertes;OISEAU;CHOUETTE CHEVECHE;PT_BORDEAUX
44.826687135267285, -0.5972843991587204;"{""coordinates"": [-0.59728439915872, 44.826687135267285], ""type"": ""Point""}";_4ac15377-1d13-11eb-8cbe-11636db21fc6.79843;79843;Jardin de la Béchade A;OISEAU;MESANGE BLEUE;PT_BORDEAUX
44.854118164442845, -0.6315736486591061;"{""coordinates"": [-0.631573648659106, 44.854118164442845], ""type"": ""Point""}";_4ac15377-1d13-11eb-8cbe-11636db21fc6.79844;79844;Parc Monséjour_Bâtiment;OISEAU;ROUGEQUEUE NOIR;PT_BORDEAUX
44.85410124011399, -0.6313869198348395;"{""coordinates"": [-0.63138691983484, 44.85410124011399], ""type"": ""Point""}";_4ac15377-1d13-11eb-8cbe-11636db21fc6.79848;79848;Parc Monséjour_Bâtiment;OISEAU;GOBEMOUCHE GRIS;PT_BORDEAUX
44.82613765633451, -0.5980443950381061;"{""coordinates"": [-0.598044395038106, 44.82613765633451], ""type"": ""Point""}";_4ac15377-1d13-11eb-8cbe-11636db21fc6.79880;79880;Jardin de la Béchade A 49;OISEAU;MESANGE BLEUE;PT_BORDEAUX
44.84241294573512, -0.585579264079432;"{""coordinates"": [-0.585579264079432, 44.84241294573512], ""type"": ""Point""}";_4ac15377-1d13-11eb-8cbe-11636db21fc6.84811;84811;Place des Martyrs de la Résistance A 30 Centre Ville;OISEAU;MESANGE BLEUE;PT_BORDEAUX
44.852284782504434, -0.6002200162404967;"{""coordinates"": [-0.600220016240497, 44.852284782504434], ""type"": ""Point""}";_4ac15377-1d13-11eb-8cbe-11636db21fc6.79992;79992;Parc Bordelais F 24 Espaces centraux;OISEAU;SITELLE TORCHEPOT;PT_BORDEAUX
44.85545668273783, -0.5858573616705544;"{""coordinates"": [-0.585857361670554, 44.85545668273783], ""type"": ""Point""}";_4ac15377-1d13-11eb-8cbe-11636db21fc6.79954;79954;Parc Rivière Maison du Jardinier;OISEAU;MOINEAU DOMESTIQUE;PT_BORDEAUX
44.8265100291547, -0.5990051136052509;"{""coordinates"": [-0.599005113605251, 44.8265100291547], ""type"": ""Point""}";_4ac15377-1d13-11eb-8cbe-11636db21fc6.79914;79914;Jardin de la Béchade A 34;OISEAU;CHOUETTE HULOTTE;PT_BORDEAUX
44.85396615818533, -0.5987500613456364;"{""coordinates"": [-0.598750061345636, 44.85396615818533], ""type"": ""Point""}";_4ac15377-1d13-11eb-8cbe-11636db21fc6.79993;79993;Parc Bordelais Agent logé H Lisière;OISEAU;ROUGEQUEUE NOIR;PT_BORDEAUX
44.81512179076897, -0.5546015271844202;"{""coordinates"": [-0.55460152718442, 44.81512179076897], ""type"": ""Point""}";_4ac15377-1d13-11eb-8cbe-11636db21fc6.79835;79835;Jardin Brascassat 88;OISEAU;MESANGE BLEUE;PT_BORDEAUX
44.84251504842223, -0.5857466751219946;"{""coordinates"": [-0.585746675121995, 44.84251504842223], ""type"": ""Point""}";_4ac15377-1d13-11eb-8cbe-11636db21fc6.84809;84809;Place des Martyrs de la Résistance A 26 Centre Ville;CHAUVE_SOURIS;CHRYSOPE;PT_BORDEAUX
44.85408336785559, -0.5993679297243858;"{""coordinates"": [-0.599367929724386, 44.85408336785559], ""type"": ""Point""}";_4ac15377-1d13-11eb-8cbe-11636db21fc6.79986;79986;Parc Bordelais I 7 Espaces centraux;OISEAU;GOBEMOUCHE GRIS;PT_BORDEAUX
44.847574681535534, -0.5777499428211699;"{""coordinates"": [-0.57774994282117, 44.847574681535534], ""type"": ""Point""}";_4ac15377-1d13-11eb-8cbe-11636db21fc6.80017;80017;Jardin Public H 8 Espaces Centraux;OISEAU;TROGLODYTE MIGNON;PT_BORDEAUX
44.84962582308253, -0.5767954042648652;"{""coordinates"": [-0.576795404264865, 44.84962582308253], ""type"": ""Point""}";_4ac15377-1d13-11eb-8cbe-11636db21fc6.80038;80038;Jardin Public O 27 Espaces Centraux;OISEAU;MESANGE CHARBONIERE;PT_BORDEAUX
44.84702051233242, -0.5647494684946325;"{""coordinates"": [-0.564749468494632, 44.84702051233242], ""type"": ""Point""}";_4ac15377-1d13-11eb-8cbe-11636db21fc6.80054;80054;Parc des Berges de Queyries Quai de Queyries_B 120;OISEAU;ROUGEQUEUE NOIR;PT_BORDEAUX
44.85186295804892, -0.604989563475107;"{""coordinates"": [-0.604989563475107, 44.85186295804892], ""type"": ""Point""}";_4ac15377-1d13-11eb-8cbe-11636db21fc6.79967;79967;Parc Bordelais Jj 131 Lisière;OISEAU;MESANGE CHARBONIERE;PT_BORDEAUX
44.84246280959571, -0.5849314332338165;"{""coordinates"": [-0.584931433233816, 44.84246280959571], ""type"": ""Point""}";_4ac15377-1d13-11eb-8cbe-11636db21fc6.84804;84804;Place des Martyrs de la Résistance B 9 Centre Ville;CHAUVE_SOURIS;CHRYSOPE;PT_BORDEAUX
44.85237819364341, -0.6013307816363441;"{""coordinates"": [-0.601330781636344, 44.85237819364341], ""type"": ""Point""}";_4ac15377-1d13-11eb-8cbe-11636db21fc6.80011;80011;Parc Bordelais D 16 Espaces centraux;OISEAU;ROUGEQUEUE A FRONT BLANC;PT_BORDEAUX
44.85027207057961, -0.5789818356513076;"{""coordinates"": [-0.578981835651308, 44.85027207057961], ""type"": ""Point""}";_4ac15377-1d13-11eb-8cbe-11636db21fc6.80012;80012;Jardin Public AA 6 Espaces Centraux;OISEAU;MESANGE BLEUE;PT_BORDEAUX
44.85430962930962, -0.6034404853876911;"{""coordinates"": [-0.603440485387691, 44.85430962930962], ""type"": ""Point""}";_4ac15377-1d13-11eb-8cbe-11636db21fc6.80013;80013;Parc Bordelais Qr 38 Espaces centraux;OISEAU;MESANGE BLEUE;PT_BORDEAUX
44.853217895371046, -0.6043974708685249;"{""coordinates"": [-0.604397470868525, 44.853217895371046], ""type"": ""Point""}";_4ac15377-1d13-11eb-8cbe-11636db21fc6.80016;80016;Parc Bordelais Bb 13 Espaces centraux;OISEAU;SITELLE TORCHEPOT;PT_BORDEAUX
44.88274812148258, -0.5402130853148243;"{""coordinates"": [-0.540213085314824, 44.88274812148258], ""type"": ""Point""}";_4ac15377-1d13-11eb-8cbe-11636db21fc6.80018;80018;Parc des Berges de Garonne A 260;OISEAU;MESANGE BLEUE;PT_BORDEAUX
44.888252259536415, -0.5400746454579581;"{""coordinates"": [-0.540074645457958, 44.888252259536415], ""type"": ""Point""}";_4ac15377-1d13-11eb-8cbe-11636db21fc6.80022;80022;Parc des Berges de Garonne E 97;OISEAU;MESANGE CHARBONIERE;PT_BORDEAUX
44.855037646373134, -0.6029546304107156;"{""coordinates"": [-0.602954630410716, 44.855037646373134], ""type"": ""Point""}";_4ac15377-1d13-11eb-8cbe-11636db21fc6.80028;80028;Parc Bordelais Qr 186 Espaces centraux;OISEAU;MESANGE CHARBONIERE;PT_BORDEAUX
44.8498809789909, -0.5802266435598864;"{""coordinates"": [-0.580226643559886, 44.8498809789909], ""type"": ""Point""}";_4ac15377-1d13-11eb-8cbe-11636db21fc6.80034;80034;Jardin Public JB H 10 Jardin Botanique;OISEAU;TROGLODYTE MIGNON;PT_BORDEAUX
44.90286004411004, -0.5618659193764576;"{""coordinates"": [-0.561865919376458, 44.90286004411004], ""type"": ""Point""}";_4ac15377-1d13-11eb-8cbe-11636db21fc6.80035;80035;Parc Floral J 217;OISEAU;SITELLE TORCHEPOT;PT_BORDEAUX
44.84739920932494, -0.5645366201018663;"{""coordinates"": [-0.564536620101866, 44.84739920932494], ""type"": ""Point""}";_4ac15377-1d13-11eb-8cbe-11636db21fc6.80050;80050;Parc des Berges de Queyries Quai de Queyries_B 116;OISEAU;MESANGE BLEUE;PT_BORDEAUX
44.846407278547325, -0.5649555235123881;"{""coordinates"": [-0.564955523512388, 44.846407278547325], ""type"": ""Point""}";_4ac15377-1d13-11eb-8cbe-11636db21fc6.80053;80053;Parc des Berges de Queyries Quai de Queyries_B 128;OISEAU;MOINEAU DOMESTIQUE;PT_BORDEAUX
44.85193733019004, -0.603736065402274;"{""coordinates"": [-0.603736065402274, 44.85193733019004], ""type"": ""Point""}";_4ac15377-1d13-11eb-8cbe-11636db21fc6.80058;80058;Parc Bordelais Local Animaux Ee Espaces centraux;OISEAU;GOBEMOUCHE GRIS;PT_BORDEAUX
44.85330887137566, -0.6020668840241536;"{""coordinates"": [-0.602066884024154, 44.85330887137566], ""type"": ""Point""}";_4ac15377-1d13-11eb-8cbe-11636db21fc6.80059;80059;Parc Bordelais Buvette Q Chênaie;OISEAU;ROUGEQUEUE NOIR;PT_BORDEAUX
44.877717232954026, -0.5739734499433506;"{""coordinates"": [-0.573973449943351, 44.877717232954026], ""type"": ""Point""}";_4ac15377-1d13-11eb-8cbe-11636db21fc6.79935;79935;Parc Denis et Eugène Bühler A 112;OISEAU;TROGLODYTE MIGNON;PT_BORDEAUX
44.85374602009994, -0.6046088334043535;"{""coordinates"": [-0.604608833404353, 44.85374602009994], ""type"": ""Point""}";_4ac15377-1d13-11eb-8cbe-11636db21fc6.79953;79953;Parc Bordelais Z 104 Lisière;OISEAU;MESANGE BLEUE;PT_BORDEAUX
44.84572028084005, -0.5653107281836858;"{""coordinates"": [-0.565310728183686, 44.84572028084005], ""type"": ""Point""}";_4ac15377-1d13-11eb-8cbe-11636db21fc6.79958;79958;Parc des Berges de Queyries 22;OISEAU;ROUGEQUEUE NOIR;PT_BORDEAUX
44.847032864960745, -0.5653013046666696;"{""coordinates"": [-0.56530130466667, 44.847032864960745], ""type"": ""Point""}";_4ac15377-1d13-11eb-8cbe-11636db21fc6.79959;79959;Parc des Berges de Queyries 12;OISEAU;CHOUETTE HULOTTE;PT_BORDEAUX
44.85567389349891, -0.5872347296053158;"{""coordinates"": [-0.587234729605316, 44.85567389349891], ""type"": ""Point""}";_4ac15377-1d13-11eb-8cbe-11636db21fc6.79962;79962;Parc Rivière 37 Espaces centraux;OISEAU;MESANGE BLEUE;PT_BORDEAUX
44.85433104104534, -0.6017477138769854;"{""coordinates"": [-0.601747713876985, 44.85433104104534], ""type"": ""Point""}";_4ac15377-1d13-11eb-8cbe-11636db21fc6.79969;79969;Parc Bordelais O 8 Chênaie;OISEAU;SITELLE TORCHEPOT;PT_BORDEAUX
44.849119427392495, -0.5803586184533697;"{""coordinates"": [-0.58035861845337, 44.849119427392495], ""type"": ""Point""}";_4ac15377-1d13-11eb-8cbe-11636db21fc6.79973;79973;Jardin Public Z 12 Lisière;OISEAU;MESANGE BLEUE;PT_BORDEAUX
44.85558736040485, -0.5870849644144263;"{""coordinates"": [-0.587084964414426, 44.85558736040485], ""type"": ""Point""}";_4ac15377-1d13-11eb-8cbe-11636db21fc6.79974;79974;Parc Rivière 28 Espaces centraux;OISEAU;CHOUETTE HULOTTE;PT_BORDEAUX
44.8545527411188, -0.631581673289929;"{""coordinates"": [-0.631581673289929, 44.8545527411188], ""type"": ""Point""}";_4ac15377-1d13-11eb-8cbe-11636db21fc6.79975;79975;Parc Monséjour Entrée à droite;OISEAU;ROUGEGORGE FAMILIER;PT_BORDEAUX
44.88454959898156, -0.5392219118988973;"{""coordinates"": [-0.539221911898897, 44.88454959898156], ""type"": ""Point""}";_4ac15377-1d13-11eb-8cbe-11636db21fc6.79978;79978;Parc des Berges de Garonne C 90;OISEAU;TROGLODYTE MIGNON;PT_BORDEAUX
44.854807992845394, -0.5862582009086308;"{""coordinates"": [-0.586258200908631, 44.854807992845394], ""type"": ""Point""}";_4ac15377-1d13-11eb-8cbe-11636db21fc6.79833;79833;Parc Rivière 170 Lisière;OISEAU;SITELLE TORCHEPOT;PT_BORDEAUX
44.8780356555869, -0.574263707859505;"{""coordinates"": [-0.574263707859505, 44.8780356555869], ""type"": ""Point""}";_4ac15377-1d13-11eb-8cbe-11636db21fc6.79853;79853;Parc Denis et Eugène Bühler A 145;OISEAU;ROUGEGORGE FAMILIER;PT_BORDEAUX
44.85592855250936, -0.5853961140165485;"{""coordinates"": [-0.585396114016548, 44.85592855250936], ""type"": ""Point""}";_4ac15377-1d13-11eb-8cbe-11636db21fc6.79859;79859;Parc Rivière Lisière;OISEAU;MESANGE BLEUE;PT_BORDEAUX
44.854165836673076, -0.6311297235455143;"{""coordinates"": [-0.631129723545514, 44.854165836673076], ""type"": ""Point""}";_4ac15377-1d13-11eb-8cbe-11636db21fc6.79862;79862;Parc Monséjour 5;OISEAU;MESANGE BLEUE;PT_BORDEAUX
44.855185589381904, -0.6323888075725365;"{""coordinates"": [-0.632388807572536, 44.855185589381904], ""type"": ""Point""}";_4ac15377-1d13-11eb-8cbe-11636db21fc6.79864;79864;Parc Monséjour 187;OISEAU;MOINEAU FRIQUET;PT_BORDEAUX
44.84952912461638, -0.5760455679903079;"{""coordinates"": [-0.576045567990308, 44.84952912461638], ""type"": ""Point""}";_4ac15377-1d13-11eb-8cbe-11636db21fc6.79867;79867;Jardin Public Q 4 Lisière;OISEAU;MESANGE BLEUE;PT_BORDEAUX
44.854463938169054, -0.5858360806595262;"{""coordinates"": [-0.585836080659526, 44.854463938169054], ""type"": ""Point""}";_4ac15377-1d13-11eb-8cbe-11636db21fc6.79872;79872;Parc Rivière 144 Lisière;OISEAU;ROUGEGORGE FAMILIER;PT_BORDEAUX
44.85449907368477, -0.5859503469942247;"{""coordinates"": [-0.585950346994225, 44.85449907368477], ""type"": ""Point""}";_4ac15377-1d13-11eb-8cbe-11636db21fc6.79876;79876;Parc Rivière 146 Lisière;OISEAU;TROGLODYTE MIGNON;PT_BORDEAUX
44.85353485994612, -0.6306223750658412;"{""coordinates"": [-0.630622375065841, 44.85353485994612], ""type"": ""Point""}";_4ac15377-1d13-11eb-8cbe-11636db21fc6.79857;79857;Parc Monséjour 66;OISEAU;SITELLE TORCHEPOT;PT_BORDEAUX
